<?xml version="1.0" encoding="utf-8"?>
<!DOCTYPE install PUBLIC "-//Joomla! 1.5//DTD component 1.0//EN" "http://joomla.org/xml/dtd/1.5/component-install.dtd">
<install type="component" version="1.5.0">
  <name>xbank</name>
  <creationDate>01-July-2010</creationDate>
  <author>Xavoc International</author>
  <authorEmail>gowravvishwakarma@gmail.com</authorEmail>
  <authorUrl>http://www.xavoc.com</authorUrl>
  <copyright>Copyright (C) 2011 Xavoc International. All rights reserved.</copyright>
  <license>http://www.gnu.org/licenses/gpl-2.0.html GNU/GPL</license>
  <version>2.0.0</version>
<releaseDate>{releaseDate}</releaseDate>
  <description>xBanking Software for Co-Operative Societies</description>
  <installfile/>
  <uninstallfile/>
  <install>
    <sql>
  <files folder="admin/sql" driver="mysql" charset="utf8">install.sql</files>
    </sql>
  </install>
  <uninstall>
    <sql>
  <files folder="admin/sql" driver="mysql" charset="utf8">uninstall.sql</files>
    </sql>
  </uninstall>
  <update>
    <sql/>
  </update>
  <files folder="site">
    <folder>assets</folder>
    <folder>cache</folder>
    <folder>config</folder>
    <folder>controllers</folder>
    <folder>core</folder>
    <folder>errors</folder>
    <folder>helpers</folder>
    <folder>hooks</folder>
    <folder>language</folder>
    <folder>libraries</folder>
    <folder>logs</folder>
    <folder>models</folder>
    <folder>third_party</folder>
    <folder>views</folder>
    <filename>index.html</filename>
    <filename>xbank.php</filename>
  </files>
  <languages folder="site/language">
    <language tag="index">english/index.html</language>
  </languages>
  <administration>
    <menu img="component" link="option=com_xbank">xbank</menu>
    <files folder="admin">
      <folder>assets</folder>
      <folder>cache</folder>
      <folder>config</folder>
      <folder>controllers</folder>
      <folder>core</folder>
      <folder>errors</folder>
      <folder>helpers</folder>
      <folder>hooks</folder>
      <folder>language</folder>
      <folder>libraries</folder>
      <folder>logs</folder>
      <folder>models</folder>
	<folder>signatures</folder>
      <folder>third_party</folder>
      <folder>views</folder>
	<folder>system</folder>
      <filename>config.xml</filename>
      <filename>index.html</filename>
      <filename>xbank.php</filename>
    <filename>install.sql</filename>
    <filename>uninstall.sql</filename>
    </files>
    <languages folder="admin/language">
      <language tag="index">english/index.html</language>
    </languages>
  </administration>
</install>
